2022-2023 Students Disciplined by Race/Ethnicity,,,,,,,,,,,,,,
School Year,District Code,District Name,Demographic Detail,Classroom Removal ,In School Suspensions,Received One Out of School Suspensions,Multiple Out of School Suspensions,Total Out of School Suspensions,Expulsions with Services ,Expulsions Without Services,Referrals to Law Enforcement,School Related Arrest,Other Actions,Unduplicated Count of Students Disciplined
2022-2023,0010,Mapleton 1,American Indian or Alaska Native,*,*,*,*,*,*,*,*,*,*,*
2022-2023,0010,Mapleton 1,Asian,*,*,*,*,*,*,*,*,*,*,*
2022-2023,0010,Mapleton 1,Black or African American,*,*,*,*,26,*,*,*,*,*,20
2022-2023,0010,Mapleton 1,Hispanic or Latino,*,177,293,144,700,*,*,17,*,31,542
2022-2023,0010,Mapleton 1,Two or More Races,*,*,*,*,32,*,*,*,*,*,25
2022-2023,0010,Mapleton 1,White,*,36,49,18,124,*,*,*,*,*,87
2022-2023,0020,Adams 12 Five Star Schools,American Indian or Alaska Native,*,21,*,*,47,*,*,*,*,*,29
2022-2023,0020,Adams 12 Five Star Schools,Asian,*,30,50,18,87,*,*,*,*,*,86
2022-2023,0020,Adams 12 Five Star Schools,Black or African American,*,58,55,35,150,*,*,*,*,*,105
2022-2023,0020,Adams 12 Five Star Schools,Hispanic or Latino,*,1238,992,673,2926,44,*,249,*,*,2113
2022-2023,0020,Adams 12 Five Star Schools,Native Hawaiian or Other Pacific Islander,*,*,*,*,*,*,*,*,*,*,*
2022-2023,0020,Adams 12 Five Star Schools,Two or More Races,*,82,63,38,173,*,*,16,*,*,139
2022-2023,0020,Adams 12 Five Star Schools,White,*,628,568,273,1375,*,*,123,*,*,1106
2022-2023,0030,Adams County 14,American Indian or Alaska Native,*,*,*,*,*,*,*,*,*,*,*
2022-2023,0030,Adams County 14,Asian,*,*,*,*,*,*,*,*,*,*,*
2022-2023,0030,Adams County 14,Black or African American,*,*,*,*,45,*,*,*,*,39,29
2022-2023,0030,Adams County 14,Hispanic or Latino,*,405,313,240,1082,*,*,*,*,1049,927
2022-2023,0030,Adams County 14,Two or More Races,*,*,*,*,34,*,*,*,*,*,28
2022-2023,0030,Adams County 14,White,*,44,40,43,167,*,*,*,*,138,140
2022-2023,0040,School District 27J,American Indian or Alaska Native,*,*,*,*,*,*,*,*,*,21,*
2022-2023,0040,School District 27J,Asian,*,34,28,*,48,*,*,*,*,77,87
2022-2023,0040,School District 27J,Black or African American,*,46,37,28,131,*,*,*,*,114,130
2022-2023,0040,School District 27J,Hispanic or Latino,*,661,613,309,1517,*,*,218,*,2516,2285
2022-2023,0040,School District 27J,Native Hawaiian or Other Pacific Islander,*,*,*,*,*,*,*,*,*,*,*
2022-2023,0040,School District 27J,Two or More Races,*,73,53,21,118,*,*,*,*,185,182
2022-2023,0040,School District 27J,White,*,333,313,144,721,*,*,78,*,1313,1298
2022-2023,0050,Bennett 29J,American Indian or Alaska Native,*,*,*,*,*,*,*,*,*,*,*
2022-2023,0050,Bennett 29J,Asian,*,*,*,*,*,*,*,*,*,*,*
2022-2023,0050,Bennett 29J,Black or African American,*,*,*,*,*,*,*,*,*,*,16
2022-2023,0050,Bennett 29J,Hispanic or Latino,*,40,55,56,92,*,*,*,*,*,143
2022-2023,0050,Bennett 29J,Native Hawaiian or Other Pacific Islander,*,*,*,*,*,*,*,*,*,*,*
2022-2023,0050,Bennett 29J,Two or More Races,*,*,*,*,*,*,*,*,*,*,20
2022-2023,0050,Bennett 29J,White,*,28,36,47,67,*,*,*,*,*,103
2022-2023,0060,Strasburg 31J,Hispanic or Latino,*,*,*,*,*,*,*,*,*,*,*
2022-2023,0060,Strasburg 31J,Two or More Races,*,*,*,*,*,*,*,*,*,*,*
2022-2023,0060,Strasburg 31J,White,*,*,*,*,22,*,*,*,*,*,20
2022-2023,0070,Westminster Public Schools,American Indian or Alaska Native,*,*,*,*,*,*,*,*,*,*,*
2022-2023,0070,Westminster Public Schools,Asian,*,*,*,*,*,*,*,*,*,*,*
2022-2023,0070,Westminster Public Schools,Black or African American,*,*,21,17,81,*,*,*,*,*,40
2022-2023,0070,Westminster Public Schools,Hispanic or Latino,*,40,452,233,1112,20,*,57,*,117,803
2022-2023,0070,Westminster Public Schools,Native Hawaiian or Other Pacific Islander,*,*,*,*,*,*,*,*,*,*,*
2022-2023,0070,Westminster Public Schools,Two or More Races,*,*,25,*,73,*,*,*,*,*,44
2022-2023,0070,Westminster Public Schools,White,*,16,81,44,217,*,*,*,*,24,158
2022-2023,0100,Alamosa RE-11J,American Indian or Alaska Native,*,*,*,*,*,*,*,*,*,*,*
2022-2023,0100,Alamosa RE-11J,Black or African American,*,*,*,*,*,*,*,*,*,*,*
2022-2023,0100,Alamosa RE-11J,Hispanic or Latino,*,105,70,39,165,*,*,*,*,*,159
2022-2023,0100,Alamosa RE-11J,Two or More Races,*,*,*,*,*,*,*,*,*,*,*
2022-2023,0100,Alamosa RE-11J,White,*,32,30,*,46,*,*,*,*,*,52
2022-2023,0110,Sangre De Cristo Re-22J,Hispanic or Latino,*,*,*,*,*,*,*,*,*,*,*
2022-2023,0110,Sangre De Cristo Re-22J,White,*,*,*,*,*,*,*,*,*,*,*
2022-2023,0120,Englewood 1,American Indian or Alaska Native,*,*,*,*,*,*,*,*,*,*,*
2022-2023,0120,Englewood 1,Asian,*,*,*,*,*,*,*,*,*,*,*
2022-2023,0120,Englewood 1,Black or African American,*,*,30,20,23,*,*,*,*,18,58
2022-2023,0120,Englewood 1,Hispanic or Latino,*,115,84,113,100,*,*,*,*,61,303
2022-2023,0120,Englewood 1,Native Hawaiian or Other Pacific Islander,*,*,*,*,*,*,*,*,*,*,*
2022-2023,0120,Englewood 1,Two or More Races,*,*,*,18,*,*,*,*,*,16,50
2022-2023,0120,Englewood 1,White,*,122,115,147,138,*,*,*,*,76,357
2022-2023,0123,Sheridan 2,Asian,*,*,*,*,*,*,*,*,*,*,*
2022-2023,0123,Sheridan 2,Black or African American,*,*,*,*,16,*,*,*,*,*,18
2022-2023,0123,Sheridan 2,Hispanic or Latino,*,18,89,49,119,*,*,*,*,17,162
2022-2023,0123,Sheridan 2,White,*,*,18,21,35,*,*,*,*,*,42
2022-2023,0130,Cherry Creek 5,American Indian or Alaska Native,*,*,*,*,34,*,*,*,*,*,19
2022-2023,0130,Cherry Creek 5,Asian,*,21,98,18,147,*,*,*,*,*,125
2022-2023,0130,Cherry Creek 5,Black or African American,*,214,413,241,1164,23,22,46,*,*,733
2022-2023,0130,Cherry Creek 5,Hispanic or Latino,*,319,595,344,1664,29,30,41,*,*,1072
2022-2023,0130,Cherry Creek 5,Native Hawaiian or Other Pacific Islander,*,*,*,*,21,*,*,*,*,*,*
2022-2023,0130,Cherry Creek 5,Two or More Races,*,103,200,109,565,*,*,21,*,*,344
2022-2023,0130,Cherry Creek 5,White,*,353,719,289,1572,16,30,65,*,*,1181
2022-2023,0140,Littleton 6,American Indian or Alaska Native,*,*,*,*,*,*,*,*,*,*,*
2022-2023,0140,Littleton 6,Asian,*,*,*,*,*,*,*,*,*,*,19
2022-2023,0140,Littleton 6,Black or African American,*,20,20,*,20,*,*,*,*,*,49
2022-2023,0140,Littleton 6,Hispanic or Latino,*,185,294,209,294,*,*,97,*,77,565
2022-2023,0140,Littleton 6,Native Hawaiian or Other Pacific Islander,*,*,*,*,*,*,*,*,*,*,*
2022-2023,0140,Littleton 6,Two or More Races,*,28,33,*,33,*,*,*,*,*,73
2022-2023,0140,Littleton 6,White,22,323,451,255,451,*,*,91,*,147,949
2022-2023,0170,Deer Trail 26J,Black or African American,*,*,*,*,*,*,*,*,*,*,*
2022-2023,0170,Deer Trail 26J,Hispanic or Latino,*,*,*,*,*,*,*,*,*,*,16
2022-2023,0170,Deer Trail 26J,Native Hawaiian or Other Pacific Islander,*,*,*,*,*,*,*,*,*,*,*
2022-2023,0170,Deer Trail 26J,Two or More Races,*,*,*,*,*,*,*,*,*,*,*
2022-2023,0170,Deer Trail 26J,White,*,*,*,*,*,*,*,*,*,*,*
2022-2023,0180,Adams-Arapahoe 28J,American Indian or Alaska Native,*,37,38,55,65,*,*,*,*,*,108
2022-2023,0180,Adams-Arapahoe 28J,Asian,*,63,58,51,78,*,*,*,*,*,155
2022-2023,0180,Adams-Arapahoe 28J,Black or African American,*,752,702,1445,1535,*,*,111,*,23,2437
2022-2023,0180,Adams-Arapahoe 28J,Hispanic or Latino,*,1631,1638,2097,2714,21,*,153,*,20,4547
2022-2023,0180,Adams-Arapahoe 28J,Native Hawaiian or Other Pacific Islander,*,26,30,35,48,*,*,*,*,*,83
2022-2023,0180,Adams-Arapahoe 28J,Two or More Races,*,109,107,226,250,*,*,*,*,*,378
2022-2023,0180,Adams-Arapahoe 28J,White,*,291,253,428,501,*,*,19,*,18,830
2022-2023,0190,Byers 32J,American Indian or Alaska Native,*,*,*,*,*,*,*,*,*,*,*
2022-2023,0190,Byers 32J,Hispanic or Latino,*,*,*,*,*,*,*,*,*,*,25
2022-2023,0190,Byers 32J,Two or More Races,*,*,*,*,*,*,*,*,*,*,*
2022-2023,0190,Byers 32J,White,*,*,*,31,29,*,*,*,*,*,54
2022-2023,0220,Archuleta County 50 Jt,American Indian or Alaska Native,*,*,*,17,19,*,*,*,*,*,44
2022-2023,0220,Archuleta County 50 Jt,Asian,*,*,*,*,*,*,*,*,*,*,*
2022-2023,0220,Archuleta County 50 Jt,Black or African American,*,*,*,*,*,*,*,*,*,*,*
2022-2023,0220,Archuleta County 50 Jt,Hispanic or Latino,*,87,81,138,106,*,*,*,*,90,315
2022-2023,0220,Archuleta County 50 Jt,Two or More Races,*,*,*,18,*,*,*,*,*,*,36
2022-2023,0220,Archuleta County 50 Jt,White,*,63,88,103,91,*,*,*,*,91,276
2022-2023,0230,Walsh RE-1,Hispanic or Latino,*,*,*,*,*,*,*,*,*,*,*
2022-2023,0230,Walsh RE-1,Native Hawaiian or Other Pacific Islander,*,*,*,*,*,*,*,*,*,*,*
2022-2023,0230,Walsh RE-1,White,*,*,*,*,*,*,*,*,*,*,*
2022-2023,0250,Springfield RE-4,Two or More Races,*,*,*,*,*,*,*,*,*,*,*
2022-2023,0250,Springfield RE-4,White,*,*,*,*,18,*,*,*,*,*,21
2022-2023,0260,Vilas RE-5,Two or More Races,*,*,*,*,*,*,*,*,*,*,*
2022-2023,0260,Vilas RE-5,White,*,*,*,*,*,*,*,*,*,*,*
2022-2023,0270,Campo RE-6,White,*,*,*,*,*,*,*,*,*,*,*
2022-2023,0290,Las Animas RE-1,American Indian or Alaska Native,*,*,*,*,*,*,*,*,*,*,*
2022-2023,0290,Las Animas RE-1,Black or African American,*,*,*,*,*,*,*,*,*,*,*
2022-2023,0290,Las Animas RE-1,Hispanic or Latino,55,58,*,*,107,*,*,*,*,*,41
2022-2023,0290,Las Animas RE-1,Two or More Races,*,*,*,*,*,*,*,*,*,*,*
2022-2023,0290,Las Animas RE-1,White,67,60,*,*,72,*,*,*,*,*,43
2022-2023,0310,McClave Re-2,Black or African American,*,*,*,*,*,*,*,*,*,*,*
2022-2023,0310,McClave Re-2,Hispanic or Latino,*,*,*,*,*,*,*,*,*,*,*
2022-2023,0310,McClave Re-2,White,*,*,*,*,*,*,*,*,*,*,17
2022-2023,0470,St Vrain Valley RE1J,American Indian or Alaska Native,*,*,29,48,38,*,*,*,*,*,78
2022-2023,0470,St Vrain Valley RE1J,Asian,*,19,24,22,28,*,*,*,*,*,56
2022-2023,0470,St Vrain Valley RE1J,Black or African American,*,*,33,*,26,*,*,*,*,*,56
2022-2023,0470,St Vrain Valley RE1J,Hispanic or Latino,*,395,890,1243,1195,*,*,37,*,*,2302
2022-2023,0470,St Vrain Valley RE1J,Native Hawaiian or Other Pacific Islander,*,*,*,*,*,*,*,*,*,*,*
2022-2023,0470,St Vrain Valley RE1J,Two or More Races,*,34,56,110,92,*,*,*,*,*,181
2022-2023,0470,St Vrain Valley RE1J,White,*,549,1063,1273,1226,*,*,32,*,*,2653
2022-2023,0480,Boulder Valley Re 2,American Indian or Alaska Native,*,*,*,*,*,*,*,*,*,*,*
2022-2023,0480,Boulder Valley Re 2,Asian,*,*,*,*,*,*,*,*,*,34,41
2022-2023,0480,Boulder Valley Re 2,Black or African American,28,*,*,*,27,*,*,*,*,63,53
2022-2023,0480,Boulder Valley Re 2,Hispanic or Latino,237,194,133,41,234,*,*,*,*,537,567
2022-2023,0480,Boulder Valley Re 2,Native Hawaiian or Other Pacific Islander,*,*,*,*,*,*,*,*,*,*,*
2022-2023,0480,Boulder Valley Re 2,Two or More Races,42,38,20,*,35,*,*,*,*,89,107
2022-2023,0480,Boulder Valley Re 2,White,326,197,153,42,248,*,*,*,*,789,956
2022-2023,0490,Buena Vista R-31,American Indian or Alaska Native,*,*,*,*,*,*,*,*,*,*,*
2022-2023,0490,Buena Vista R-31,Asian,*,*,*,*,*,*,*,*,*,*,*
2022-2023,0490,Buena Vista R-31,Hispanic or Latino,*,*,22,*,*,*,*,*,*,23,48
2022-2023,0490,Buena Vista R-31,Two or More Races,*,*,*,*,*,*,*,*,*,*,*
2022-2023,0490,Buena Vista R-31,White,*,87,34,46,32,*,*,*,*,57,182
2022-2023,0500,Salida R-32,Black or African American,*,*,*,*,*,*,*,*,*,*,*
2022-2023,0500,Salida R-32,Hispanic or Latino,*,*,*,*,*,*,*,*,*,*,*
2022-2023,0500,Salida R-32,White,*,*,27,19,39,*,*,*,*,*,68
2022-2023,0520,Cheyenne County Re-5,Hispanic or Latino,*,*,*,*,*,*,*,*,*,*,*
2022-2023,0520,Cheyenne County Re-5,White,*,*,*,*,*,*,*,*,*,*,*
2022-2023,0540,Clear Creek RE-1,Hispanic or Latino,*,*,*,*,*,*,*,*,*,*,30
2022-2023,0540,Clear Creek RE-1,Two or More Races,*,*,*,*,*,*,*,*,*,*,17
2022-2023,0540,Clear Creek RE-1,White,*,26,27,*,18,*,*,*,*,29,80
2022-2023,0550,North Conejos RE-1J,Hispanic or Latino,*,*,35,*,64,*,*,*,*,57,76
2022-2023,0550,North Conejos RE-1J,Two or More Races,*,*,*,*,*,*,*,*,*,*,*
2022-2023,0550,North Conejos RE-1J,White,*,*,*,*,26,*,*,*,*,22,27
2022-2023,0560,Sanford 6J,White,*,*,*,*,*,*,*,*,*,*,*
2022-2023,0580,South Conejos RE-10,Hispanic or Latino,*,*,*,*,*,*,*,*,*,36,33
2022-2023,0580,South Conejos RE-10,White,*,*,*,*,*,*,*,*,*,*,*
2022-2023,0640,Centennial R-1,Hispanic or Latino,*,*,*,*,*,*,*,*,*,48,33
2022-2023,0640,Centennial R-1,Two or More Races,*,*,*,*,*,*,*,*,*,*,*
2022-2023,0640,Centennial R-1,White,*,*,*,*,*,*,*,*,*,*,*
2022-2023,0740,Sierra Grande R-30,Black or African American,*,*,*,*,*,*,*,*,*,*,*
2022-2023,0740,Sierra Grande R-30,Hispanic or Latino,*,*,25,16,33,*,*,*,*,20,56
2022-2023,0740,Sierra Grande R-30,Two or More Races,*,*,*,*,*,*,*,*,*,*,*
2022-2023,0740,Sierra Grande R-30,White,*,*,*,*,*,*,*,*,*,*,*
2022-2023,0770,Crowley County RE-1-J,American Indian or Alaska Native,*,*,*,*,*,*,*,*,*,*,*
2022-2023,0770,Crowley County RE-1-J,Black or African American,*,*,*,*,*,*,*,*,*,*,*
2022-2023,0770,Crowley County RE-1-J,Hispanic or Latino,*,*,*,*,*,*,*,*,*,*,*
2022-2023,0770,Crowley County RE-1-J,White,*,*,*,*,*,*,*,*,*,*,*
2022-2023,0860,Custer County School District C-1,American Indian or Alaska Native,*,*,*,*,*,*,*,*,*,*,*
2022-2023,0860,Custer County School District C-1,Black or African American,*,*,*,*,*,*,*,*,*,*,*
2022-2023,0860,Custer County School District C-1,Hispanic or Latino,*,*,*,*,*,*,*,*,*,*,*
2022-2023,0860,Custer County School District C-1,Two or More Races,*,*,*,*,*,*,*,*,*,*,*
2022-2023,0860,Custer County School District C-1,White,*,*,*,*,*,*,*,*,*,104,63
2022-2023,0870,Delta County 50(J),American Indian or Alaska Native,*,*,*,*,*,*,*,*,*,*,*
2022-2023,0870,Delta County 50(J),Asian,*,*,*,*,*,*,*,*,*,*,*
2022-2023,0870,Delta County 50(J),Black or African American,*,*,*,*,*,*,*,*,*,*,*
2022-2023,0870,Delta County 50(J),Hispanic or Latino,*,66,48,*,80,*,*,*,*,*,97
2022-2023,0870,Delta County 50(J),Two or More Races,*,20,16,*,50,*,*,*,*,*,36
2022-2023,0870,Delta County 50(J),White,*,185,135,56,302,*,*,*,*,26,277
2022-2023,0880,Denver County 1,American Indian or Alaska Native,*,31,17,*,42,*,*,*,*,26,57
2022-2023,0880,Denver County 1,Asian,*,64,27,*,56,*,*,*,*,35,82
2022-2023,0880,Denver County 1,Black or African American,31,892,616,280,1407,*,*,36,*,675,1571
2022-2023,0880,Denver County 1,Hispanic or Latino,27,2063,1201,431,2373,*,*,53,*,1345,3411
2022-2023,0880,Denver County 1,Native Hawaiian or Other Pacific Islander,*,28,*,*,*,*,*,*,*,*,39
2022-2023,0880,Denver County 1,Two or More Races,*,151,100,37,204,*,*,*,*,150,270
2022-2023,0880,Denver County 1,White,22,440,223,82,442,*,*,*,*,407,758
2022-2023,0890,Dolores County RE No.2,Hispanic or Latino,*,*,*,*,*,*,*,*,*,*,*
2022-2023,0890,Dolores County RE No.2,Two or More Races,*,*,*,*,*,*,*,*,*,*,*
2022-2023,0890,Dolores County RE No.2,White,*,*,*,*,*,*,*,*,*,*,*
2022-2023,0900,Douglas County Re 1,American Indian or Alaska Native,*,*,*,*,*,*,*,*,*,*,17
2022-2023,0900,Douglas County Re 1,Asian,*,31,51,29,64,*,*,*,*,*,116
2022-2023,0900,Douglas County Re 1,Black or African American,*,50,71,74,100,*,*,*,*,*,176
2022-2023,0900,Douglas County Re 1,Hispanic or Latino,*,195,343,327,523,*,*,*,*,93,856
2022-2023,0900,Douglas County Re 1,Native Hawaiian or Other Pacific Islander,*,*,*,*,*,*,*,*,*,*,*
2022-2023,0900,Douglas County Re 1,Two or More Races,*,70,104,85,148,*,*,*,*,25,256
2022-2023,0900,Douglas County Re 1,White,27,609,950,924,1433,*,*,40,*,309,2467
2022-2023,0910,Eagle County RE 50,Black or African American,*,*,*,*,*,*,*,*,*,*,*
2022-2023,0910,Eagle County RE 50,Hispanic or Latino,*,103,79,28,147,*,*,*,*,*,171
2022-2023,0910,Eagle County RE 50,Two or More Races,*,*,*,*,*,*,*,*,*,*,*
2022-2023,0910,Eagle County RE 50,White,*,40,52,*,84,*,*,*,*,*,103
2022-2023,0920,Elizabeth School District,American Indian or Alaska Native,*,*,*,*,*,*,*,*,*,*,*
2022-2023,0920,Elizabeth School District,Black or African American,*,*,*,*,*,*,*,*,*,*,*
2022-2023,0920,Elizabeth School District,Hispanic or Latino,*,*,*,*,*,*,*,*,*,*,21
2022-2023,0920,Elizabeth School District,Two or More Races,*,*,*,*,*,*,*,*,*,*,*
2022-2023,0920,Elizabeth School District,White,*,34,46,42,70,*,*,*,*,*,105
2022-2023,0930,Kiowa C-2,American Indian or Alaska Native,*,*,*,*,*,*,*,*,*,*,*
2022-2023,0930,Kiowa C-2,White,*,*,*,*,*,*,*,*,*,*,*
2022-2023,0940,Big Sandy 100J,Hispanic or Latino,*,*,*,*,*,*,*,*,*,*,*
2022-2023,0940,Big Sandy 100J,White,*,*,*,*,*,*,*,*,*,*,*
2022-2023,0970,Calhan RJ-1,White,*,*,*,*,*,*,*,*,*,*,*
2022-2023,0980,Harrison 2,American Indian or Alaska Native,*,*,*,*,*,*,*,*,*,16,29
2022-2023,0980,Harrison 2,Asian,*,*,*,*,*,*,*,*,*,18,32
2022-2023,0980,Harrison 2,Black or African American,*,135,239,614,471,*,*,*,*,506,1107
2022-2023,0980,Harrison 2,Hispanic or Latino,*,502,602,1243,1188,*,*,*,*,1080,2613
2022-2023,0980,Harrison 2,Native Hawaiian or Other Pacific Islander,*,*,*,*,*,*,*,*,*,17,28
2022-2023,0980,Harrison 2,Two or More Races,*,35,115,212,187,*,*,*,*,222,447
2022-2023,0980,Harrison 2,White,*,100,242,457,412,*,*,*,*,463,986
2022-2023,0990,Widefield 3,American Indian or Alaska Native,*,*,*,*,*,*,*,*,*,*,*
2022-2023,0990,Widefield 3,Asian,*,*,*,*,*,*,*,*,*,*,*
2022-2023,0990,Widefield 3,Black or African American,*,*,86,130,161,*,*,*,*,41,230
2022-2023,0990,Widefield 3,Hispanic or Latino,*,18,249,385,494,*,*,24,*,107,669
2022-2023,0990,Widefield 3,Native Hawaiian or Other Pacific Islander,*,*,*,*,*,*,*,*,*,*,*
2022-2023,0990,Widefield 3,Two or More Races,*,*,130,176,227,*,*,16,*,61,324
2022-2023,0990,Widefield 3,White,*,24,273,461,560,*,*,24,*,163,795
2022-2023,1000,Fountain 8,American Indian or Alaska Native,*,*,*,*,*,*,*,*,*,*,*
2022-2023,1000,Fountain 8,Asian,*,*,*,*,*,*,*,*,*,*,*
2022-2023,1000,Fountain 8,Black or African American,*,40,77,105,155,*,*,*,*,*,208
2022-2023,1000,Fountain 8,Hispanic or Latino,*,41,154,167,291,*,*,*,*,*,349
2022-2023,1000,Fountain 8,Native Hawaiian or Other Pacific Islander,*,*,*,21,22,*,*,*,*,*,32
2022-2023,1000,Fountain 8,Two or More Races,*,*,57,67,113,*,*,*,*,*,129
2022-2023,1000,Fountain 8,White,*,63,190,242,382,*,*,*,*,*,471
2022-2023,1010,Colorado Springs 11,American Indian or Alaska Native,*,*,*,*,*,*,*,*,*,*,*
2022-2023,1010,Colorado Springs 11,Asian,*,*,*,*,*,*,*,*,*,*,24
2022-2023,1010,Colorado Springs 11,Black or African American,173,248,134,90,437,29,*,*,*,144,343
2022-2023,1010,Colorado Springs 11,Hispanic or Latino,509,765,489,225,1164,40,*,*,*,552,1269
2022-2023,1010,Colorado Springs 11,Native Hawaiian or Other Pacific Islander,*,*,*,*,17,*,*,*,*,*,*
2022-2023,1010,Colorado Springs 11,Two or More Races,80,155,111,47,244,*,*,*,*,105,264
2022-2023,1010,Colorado Springs 11,White,499,772,458,223,1121,30,*,*,*,457,1188
2022-2023,1020,Cheyenne Mountain 12,American Indian or Alaska Native,*,*,*,*,*,*,*,*,*,*,*
2022-2023,1020,Cheyenne Mountain 12,Asian,*,*,*,*,*,*,*,*,*,*,*
2022-2023,1020,Cheyenne Mountain 12,Black or African American,*,*,*,*,*,*,*,*,*,*,*
2022-2023,1020,Cheyenne Mountain 12,Hispanic or Latino,*,*,16,*,32,*,*,*,*,*,37
2022-2023,1020,Cheyenne Mountain 12,Native Hawaiian or Other Pacific Islander,*,*,*,*,*,*,*,*,*,*,*
2022-2023,1020,Cheyenne Mountain 12,Two or More Races,*,*,*,*,*,*,*,*,*,*,23
2022-2023,1020,Cheyenne Mountain 12,White,*,33,58,*,92,*,*,*,*,24,124
2022-2023,1030,Manitou Springs 14,American Indian or Alaska Native,*,*,*,*,*,*,*,*,*,*,*
2022-2023,1030,Manitou Springs 14,Asian,*,*,*,*,*,*,*,*,*,*,*
2022-2023,1030,Manitou Springs 14,Black or African American,*,*,*,*,*,*,*,*,*,*,*
2022-2023,1030,Manitou Springs 14,Hispanic or Latino,77,*,*,*,18,*,*,*,*,*,44
2022-2023,1030,Manitou Springs 14,Two or More Races,37,*,*,*,*,*,*,*,*,*,*
2022-2023,1030,Manitou Springs 14,White,428,57,38,19,98,*,*,*,*,*,217
2022-2023,1040,Academy 20,American Indian or Alaska Native,*,*,*,*,*,*,*,*,*,*,*
2022-2023,1040,Academy 20,Asian,*,*,*,29,35,*,*,*,*,*,52
2022-2023,1040,Academy 20,Black or African American,*,47,56,72,98,*,*,*,*,*,162
2022-2023,1040,Academy 20,Hispanic or Latino,*,197,199,293,365,*,*,*,*,*,590
2022-2023,1040,Academy 20,Native Hawaiian or Other Pacific Islander,*,*,*,*,*,*,*,*,*,*,*
2022-2023,1040,Academy 20,Two or More Races,*,81,105,104,169,*,*,*,*,*,266
2022-2023,1040,Academy 20,White,*,584,591,730,1048,*,*,*,*,*,1711
2022-2023,1050,Ellicott 22,American Indian or Alaska Native,*,*,*,*,*,*,*,*,*,*,*
2022-2023,1050,Ellicott 22,Black or African American,*,*,*,*,19,*,*,*,*,18,18
2022-2023,1050,Ellicott 22,Hispanic or Latino,*,42,25,*,40,*,*,*,*,55,71
2022-2023,1050,Ellicott 22,Two or More Races,*,*,*,*,*,*,*,*,*,*,*
2022-2023,1050,Ellicott 22,White,*,31,30,*,62,*,*,*,*,68,101
2022-2023,1060,Peyton 23 Jt,Hispanic or Latino,*,*,*,*,*,*,*,*,*,*,*
2022-2023,1060,Peyton 23 Jt,White,*,*,*,*,*,*,*,*,*,*,*
2022-2023,1070,Hanover 28,Black or African American,*,*,*,*,*,*,*,*,*,*,*
2022-2023,1070,Hanover 28,Hispanic or Latino,*,*,*,*,*,*,*,*,*,*,*
2022-2023,1070,Hanover 28,Two or More Races,*,*,*,*,*,*,*,*,*,*,*
2022-2023,1070,Hanover 28,White,*,*,*,*,*,*,*,*,*,*,*
2022-2023,1080,Lewis-Palmer 38,Asian,*,*,*,*,*,*,*,*,*,*,*
2022-2023,1080,Lewis-Palmer 38,Black or African American,*,*,*,*,*,*,*,*,*,*,*
2022-2023,1080,Lewis-Palmer 38,Hispanic or Latino,*,*,17,*,20,*,*,*,*,*,35
2022-2023,1080,Lewis-Palmer 38,Two or More Races,*,*,*,*,*,*,*,*,*,*,20
2022-2023,1080,Lewis-Palmer 38,White,*,39,86,40,115,*,*,*,*,*,159
2022-2023,1110,District 49,American Indian or Alaska Native,*,*,*,*,*,*,*,*,*,*,*
2022-2023,1110,District 49,Asian,*,*,*,*,25,*,*,*,*,*,21
2022-2023,1110,District 49,Black or African American,*,52,72,41,179,*,*,*,*,*,137
2022-2023,1110,District 49,Hispanic or Latino,16,114,183,103,462,*,*,*,*,*,339
2022-2023,1110,District 49,Native Hawaiian or Other Pacific Islander,*,*,*,*,*,*,*,*,*,*,*
2022-2023,1110,District 49,Two or More Races,*,53,91,42,211,*,*,*,*,*,161
2022-2023,1110,District 49,White,17,220,321,137,669,*,*,*,*,19,575
2022-2023,1130,Miami/Yoder 60 JT,Hispanic or Latino,*,*,*,*,*,*,*,*,*,*,*
2022-2023,1130,Miami/Yoder 60 JT,Two or More Races,*,*,*,*,*,*,*,*,*,*,*
2022-2023,1130,Miami/Yoder 60 JT,White,*,*,*,*,27,*,*,*,*,*,19
2022-2023,1140,Canon City RE-1,American Indian or Alaska Native,*,*,*,*,*,*,*,*,*,*,32
2022-2023,1140,Canon City RE-1,Asian,*,*,*,*,*,*,*,*,*,*,*
2022-2023,1140,Canon City RE-1,Black or African American,*,*,*,*,*,*,*,*,*,*,32
2022-2023,1140,Canon City RE-1,Hispanic or Latino,*,143,77,88,62,*,*,*,*,105,346
2022-2023,1140,Canon City RE-1,Native Hawaiian or Other Pacific Islander,*,*,*,*,*,*,*,*,*,*,*
2022-2023,1140,Canon City RE-1,Two or More Races,*,44,49,*,19,*,*,*,*,33,116
2022-2023,1140,Canon City RE-1,White,67,574,310,390,314,*,*,*,*,390,1477
2022-2023,1150,Fremont RE-2,American Indian or Alaska Native,*,*,*,*,*,*,*,*,*,*,*
2022-2023,1150,Fremont RE-2,Black or African American,*,*,*,*,*,*,*,*,*,*,*
2022-2023,1150,Fremont RE-2,Hispanic or Latino,*,*,*,*,*,*,*,*,*,41,56
2022-2023,1150,Fremont RE-2,Two or More Races,*,*,*,*,*,*,*,*,*,*,*
2022-2023,1150,Fremont RE-2,White,*,*,35,*,22,*,*,*,*,154,186
2022-2023,1160,Cotopaxi RE-3,White,*,*,*,*,*,*,*,*,*,*,20
2022-2023,1180,Roaring Fork RE-1,Asian,*,*,*,*,*,*,*,*,*,*,*
2022-2023,1180,Roaring Fork RE-1,Hispanic or Latino,*,153,137,78,122,*,*,24,*,54,367
2022-2023,1180,Roaring Fork RE-1,Two or More Races,*,*,*,*,*,*,*,*,*,*,*
2022-2023,1180,Roaring Fork RE-1,White,*,95,84,62,73,*,*,22,*,68,264
2022-2023,1195,Garfield Re-2,American Indian or Alaska Native,*,*,*,*,*,*,*,*,*,*,*
2022-2023,1195,Garfield Re-2,Asian,*,*,*,*,*,*,*,*,*,*,*
2022-2023,1195,Garfield Re-2,Black or African American,*,*,*,*,*,*,*,*,*,*,*
2022-2023,1195,Garfield Re-2,Hispanic or Latino,*,311,52,*,78,*,*,*,*,*,220
2022-2023,1195,Garfield Re-2,Two or More Races,*,*,*,*,*,*,*,*,*,*,*
2022-2023,1195,Garfield Re-2,White,*,163,42,*,73,*,*,*,*,*,136
2022-2023,1220,Garfield 16,Black or African American,*,*,*,*,*,*,*,*,*,*,*
2022-2023,1220,Garfield 16,Hispanic or Latino,*,55,34,32,48,*,*,*,*,*,114
2022-2023,1220,Garfield 16,Native Hawaiian or Other Pacific Islander,*,*,*,*,*,*,*,*,*,*,*
2022-2023,1220,Garfield 16,Two or More Races,*,*,*,*,*,*,*,*,*,*,*
2022-2023,1220,Garfield 16,White,*,84,60,78,75,*,*,*,*,*,175
2022-2023,1330,Gilpin County RE-1,Hispanic or Latino,*,*,*,*,*,*,*,*,*,*,*
2022-2023,1330,Gilpin County RE-1,Two or More Races,*,*,*,*,*,*,*,*,*,*,*
2022-2023,1330,Gilpin County RE-1,White,*,*,*,*,*,*,*,*,*,*,*
2022-2023,1340,West Grand 1-JT,Hispanic or Latino,*,*,*,*,*,*,*,*,*,*,*
2022-2023,1340,West Grand 1-JT,White,*,*,*,*,*,*,*,*,*,*,*
2022-2023,1350,East Grand 2,American Indian or Alaska Native,*,*,*,*,*,*,*,*,*,*,*
2022-2023,1350,East Grand 2,Black or African American,*,*,*,*,*,*,*,*,*,*,*
2022-2023,1350,East Grand 2,Hispanic or Latino,*,*,*,*,*,*,*,*,*,*,17
2022-2023,1350,East Grand 2,White,*,18,30,*,56,*,*,*,*,*,59
2022-2023,1360,Gunnison Watershed RE1J,American Indian or Alaska Native,*,*,*,*,*,*,*,*,*,*,*
2022-2023,1360,Gunnison Watershed RE1J,Hispanic or Latino,*,21,*,*,*,*,*,*,*,*,19
2022-2023,1360,Gunnison Watershed RE1J,Two or More Races,*,*,*,*,*,*,*,*,*,*,*
2022-2023,1360,Gunnison Watershed RE1J,White,*,22,19,*,42,*,*,*,*,*,48
2022-2023,1380,Hinsdale County RE 1,White,*,*,*,*,*,*,*,*,*,*,*
2022-2023,1390,Huerfano Re-1,American Indian or Alaska Native,*,*,*,*,*,*,*,*,*,*,*
2022-2023,1390,Huerfano Re-1,Black or African American,*,*,*,*,*,*,*,*,*,*,*
2022-2023,1390,Huerfano Re-1,Hispanic or Latino,*,22,25,*,50,*,*,*,*,*,50
2022-2023,1390,Huerfano Re-1,Native Hawaiian or Other Pacific Islander,*,*,*,*,*,*,*,*,*,*,*
2022-2023,1390,Huerfano Re-1,White,*,*,19,*,34,*,*,*,*,*,29
2022-2023,1400,La Veta Re-2,American Indian or Alaska Native,*,*,*,*,*,*,*,*,*,*,*
2022-2023,1400,La Veta Re-2,White,*,*,*,*,*,*,*,*,*,*,*
2022-2023,1410,North Park R-1,Hispanic or Latino,*,*,*,*,*,*,*,*,*,*,*
2022-2023,1410,North Park R-1,White,*,*,*,*,*,*,*,*,*,*,*
2022-2023,1420,Jefferson County R-1,American Indian or Alaska Native,*,37,18,*,48,*,*,*,*,*,42
2022-2023,1420,Jefferson County R-1,Asian,*,33,34,*,58,*,*,*,*,*,59
2022-2023,1420,Jefferson County R-1,Black or African American,*,147,86,61,270,*,*,29,*,*,182
2022-2023,1420,Jefferson County R-1,Hispanic or Latino,*,1346,984,532,2493,19,*,440,*,*,2069
2022-2023,1420,Jefferson County R-1,Native Hawaiian or Other Pacific Islander,*,*,*,*,*,*,*,*,*,*,*
2022-2023,1420,Jefferson County R-1,Two or More Races,*,155,109,53,267,*,*,42,*,*,233
2022-2023,1420,Jefferson County R-1,White,*,1537,1194,480,2548,*,*,384,*,*,2428
2022-2023,1430,Eads RE-1,White,*,*,*,*,*,*,*,*,*,*,*
2022-2023,1450,Arriba-Flagler C-20,White,*,*,*,*,*,*,*,*,*,*,*
2022-2023,1460,Hi-Plains R-23,White,*,*,*,*,*,*,*,*,*,*,*
2022-2023,1480,Stratton R-4,White,*,*,*,*,*,*,*,*,*,*,*
2022-2023,1500,Burlington RE-6J,American Indian or Alaska Native,*,*,*,*,*,*,*,*,*,*,*
2022-2023,1500,Burlington RE-6J,Black or African American,*,*,*,*,*,*,*,*,*,*,*
2022-2023,1500,Burlington RE-6J,Hispanic or Latino,*,*,*,*,*,*,*,*,*,23,41
2022-2023,1500,Burlington RE-6J,Two or More Races,*,*,*,*,*,*,*,*,*,*,*
2022-2023,1500,Burlington RE-6J,White,*,*,*,*,*,*,*,*,*,19,46
2022-2023,1510,Lake County R-1,Hispanic or Latino,*,42,26,*,64,*,*,*,*,*,59
2022-2023,1510,Lake County R-1,Two or More Races,*,*,*,*,*,*,*,*,*,*,*
2022-2023,1510,Lake County R-1,White,*,23,*,*,21,*,*,*,*,*,27
2022-2023,1520,Durango 9-R,American Indian or Alaska Native,*,16,17,*,25,*,*,*,*,*,42
2022-2023,1520,Durango 9-R,Asian,*,*,*,*,*,*,*,*,*,*,*
2022-2023,1520,Durango 9-R,Black or African American,*,*,*,*,*,*,*,*,*,*,*
2022-2023,1520,Durango 9-R,Hispanic or Latino,*,70,50,20,108,*,*,*,*,42,139
2022-2023,1520,Durango 9-R,Two or More Races,*,*,*,*,*,*,*,*,*,*,22
2022-2023,1520,Durango 9-R,White,*,104,98,35,185,*,*,27,*,117,263
2022-2023,1530,Bayfield 10 Jt-R,American Indian or Alaska Native,*,*,*,*,*,*,*,*,*,*,*
2022-2023,1530,Bayfield 10 Jt-R,Hispanic or Latino,*,*,*,*,*,*,*,*,*,*,*
2022-2023,1530,Bayfield 10 Jt-R,Two or More Races,*,*,*,*,*,*,*,*,*,*,*
2022-2023,1530,Bayfield 10 Jt-R,White,*,25,20,*,34,*,*,*,*,*,42
2022-2023,1540,Ignacio 11 JT,American Indian or Alaska Native,*,*,17,*,21,*,*,*,*,*,30
2022-2023,1540,Ignacio 11 JT,Hispanic or Latino,*,*,17,*,24,*,*,*,*,*,28
2022-2023,1540,Ignacio 11 JT,Two or More Races,*,*,*,*,*,*,*,*,*,*,*
2022-2023,1540,Ignacio 11 JT,White,*,*,*,*,20,*,*,*,*,*,25
2022-2023,1550,Poudre R-1,American Indian or Alaska Native,*,*,*,*,*,*,*,*,*,*,*
2022-2023,1550,Poudre R-1,Asian,*,*,*,*,*,*,*,*,*,*,*
2022-2023,1550,Poudre R-1,Black or African American,*,*,27,*,56,*,*,*,*,*,44
2022-2023,1550,Poudre R-1,Hispanic or Latino,*,234,260,128,632,21,*,*,*,*,487
2022-2023,1550,Poudre R-1,Native Hawaiian or Other Pacific Islander,*,*,*,*,*,*,*,*,*,*,*
2022-2023,1550,Poudre R-1,Two or More Races,*,37,32,*,69,*,*,*,*,*,56
2022-2023,1550,Poudre R-1,White,18,399,384,162,843,23,21,16,*,*,724
2022-2023,1560,Thompson R2-J,American Indian or Alaska Native,*,*,*,*,*,*,*,*,*,*,*
2022-2023,1560,Thompson R2-J,Asian,*,*,*,*,*,*,*,*,*,*,*
2022-2023,1560,Thompson R2-J,Black or African American,*,18,*,*,30,*,*,*,*,*,33
2022-2023,1560,Thompson R2-J,Hispanic or Latino,24,260,139,56,316,*,*,78,*,26,356
2022-2023,1560,Thompson R2-J,Two or More Races,*,34,22,*,51,*,*,*,*,*,51
2022-2023,1560,Thompson R2-J,White,33,571,288,117,620,*,*,101,*,85,786
2022-2023,1570,Estes Park R-3,Hispanic or Latino,*,*,*,*,23,*,*,*,*,19,28
2022-2023,1570,Estes Park R-3,White,*,*,25,*,49,*,*,25,*,25,46
2022-2023,1580,Trinidad 1,Black or African American,*,*,*,*,*,*,*,*,*,*,*
2022-2023,1580,Trinidad 1,Hispanic or Latino,*,39,30,64,58,*,*,*,*,*,103
2022-2023,1580,Trinidad 1,White,*,99,72,149,137,*,*,*,*,*,259
2022-2023,1590,Primero Reorganized 2,American Indian or Alaska Native,*,*,*,*,*,*,*,*,*,*,*
2022-2023,1590,Primero Reorganized 2,Two or More Races,*,*,*,*,*,*,*,*,*,*,*
2022-2023,1590,Primero Reorganized 2,White,*,25,*,*,*,*,*,*,*,*,31
2022-2023,1600,Hoehne Reorganized 3,American Indian or Alaska Native,*,*,*,*,*,*,*,*,*,*,*
2022-2023,1600,Hoehne Reorganized 3,Hispanic or Latino,*,*,*,*,21,*,*,*,*,*,18
2022-2023,1600,Hoehne Reorganized 3,Two or More Races,*,*,*,*,*,*,*,*,*,*,*
2022-2023,1600,Hoehne Reorganized 3,White,*,*,*,*,*,*,*,*,*,*,*
2022-2023,1620,Aguilar Reorganized 6,Hispanic or Latino,*,*,*,*,*,*,*,*,*,*,*
2022-2023,1620,Aguilar Reorganized 6,White,*,*,*,*,*,*,*,*,*,*,*
2022-2023,1750,Branson Reorganized 82,White,*,*,*,*,*,*,*,*,*,*,*
2022-2023,1780,Genoa-Hugo C113,White,*,*,*,*,*,*,*,*,*,*,*
2022-2023,1790,Limon RE-4J,Hispanic or Latino,*,*,*,*,*,*,*,*,*,*,*
2022-2023,1790,Limon RE-4J,Native Hawaiian or Other Pacific Islander,*,*,*,*,*,*,*,*,*,*,*
2022-2023,1790,Limon RE-4J,Two or More Races,*,*,*,*,*,*,*,*,*,*,*
2022-2023,1790,Limon RE-4J,White,*,16,*,*,*,*,*,*,*,*,18
2022-2023,1828,Valley RE-1,American Indian or Alaska Native,*,*,*,*,*,*,*,*,*,*,*
2022-2023,1828,Valley RE-1,Asian,*,*,*,*,*,*,*,*,*,*,*
2022-2023,1828,Valley RE-1,Black or African American,*,*,*,*,*,*,*,*,*,*,*
2022-2023,1828,Valley RE-1,Hispanic or Latino,*,32,27,18,70,*,*,*,*,*,65
2022-2023,1828,Valley RE-1,Native Hawaiian or Other Pacific Islander,*,*,*,*,*,*,*,*,*,*,*
2022-2023,1828,Valley RE-1,Two or More Races,*,*,*,*,*,*,*,*,*,*,*
2022-2023,1828,Valley RE-1,White,*,85,50,29,124,*,*,*,*,19,123
2022-2023,1860,Buffalo RE-4J,Black or African American,*,*,*,*,*,*,*,*,*,*,*
2022-2023,1860,Buffalo RE-4J,Hispanic or Latino,*,*,*,*,*,*,*,*,*,*,*
2022-2023,1860,Buffalo RE-4J,Two or More Races,*,*,*,*,*,*,*,*,*,*,*
2022-2023,1860,Buffalo RE-4J,White,*,*,*,*,*,*,*,*,*,*,*
2022-2023,1980,De Beque 49JT,Hispanic or Latino,*,*,*,*,*,*,*,*,*,*,*
2022-2023,1980,De Beque 49JT,White,*,*,*,*,*,*,*,*,*,*,*
2022-2023,1990,Plateau Valley 50,Hispanic or Latino,*,*,*,*,*,*,*,*,*,*,*
2022-2023,1990,Plateau Valley 50,Two or More Races,*,*,*,*,*,*,*,*,*,*,*
2022-2023,1990,Plateau Valley 50,White,*,20,*,*,17,*,*,*,*,*,43
2022-2023,2000,Mesa County Valley 51,American Indian or Alaska Native,*,*,*,*,*,*,*,*,*,*,*
2022-2023,2000,Mesa County Valley 51,Asian,*,*,*,*,*,*,*,*,*,*,*
2022-2023,2000,Mesa County Valley 51,Black or African American,*,*,*,*,33,*,*,*,*,*,19
2022-2023,2000,Mesa County Valley 51,Hispanic or Latino,*,410,289,145,705,*,49,*,*,*,603
2022-2023,2000,Mesa County Valley 51,Native Hawaiian or Other Pacific Islander,*,*,*,*,*,*,*,*,*,*,*
2022-2023,2000,Mesa County Valley 51,Two or More Races,*,62,39,*,77,*,*,*,*,*,86
2022-2023,2000,Mesa County Valley 51,White,*,1180,587,345,1636,*,56,*,*,*,1381
2022-2023,2020,Moffat County RE: No 1,American Indian or Alaska Native,*,*,*,*,*,*,*,*,*,*,*
2022-2023,2020,Moffat County RE: No 1,Black or African American,*,*,*,50,*,*,*,*,*,40,65
2022-2023,2020,Moffat County RE: No 1,Hispanic or Latino,*,76,117,117,51,*,*,23,*,192,346
2022-2023,2020,Moffat County RE: No 1,Two or More Races,*,*,*,20,*,*,*,*,*,27,45
2022-2023,2020,Moffat County RE: No 1,White,*,172,287,240,129,*,*,42,*,368,725
2022-2023,2035,Montezuma-Cortez RE-1,American Indian or Alaska Native,*,*,44,38,162,*,*,*,*,*,85
2022-2023,2035,Montezuma-Cortez RE-1,Black or African American,*,*,*,*,*,*,*,*,*,*,*
2022-2023,2035,Montezuma-Cortez RE-1,Hispanic or Latino,*,*,21,*,65,*,*,*,*,*,36
2022-2023,2035,Montezuma-Cortez RE-1,Two or More Races,*,*,18,*,43,*,*,*,*,*,28
2022-2023,2035,Montezuma-Cortez RE-1,White,*,*,52,18,106,*,*,*,*,*,72
2022-2023,2055,Dolores RE-4A,American Indian or Alaska Native,*,*,*,*,*,*,*,*,*,*,*
2022-2023,2055,Dolores RE-4A,Asian,*,*,*,*,*,*,*,*,*,*,*
2022-2023,2055,Dolores RE-4A,Hispanic or Latino,*,*,*,*,*,*,*,*,*,*,*
2022-2023,2055,Dolores RE-4A,Two or More Races,*,*,*,*,*,*,*,*,*,*,*
2022-2023,2055,Dolores RE-4A,White,*,50,*,*,*,*,*,*,*,*,45
2022-2023,2070,Mancos Re-6,American Indian or Alaska Native,*,*,*,*,*,*,*,*,*,*,*
2022-2023,2070,Mancos Re-6,Hispanic or Latino,*,*,*,*,*,*,*,*,*,*,*
2022-2023,2070,Mancos Re-6,White,*,*,*,*,18,*,*,*,*,*,16
2022-2023,2180,Montrose County RE-1J,American Indian or Alaska Native,*,*,*,*,*,*,*,*,*,*,*
2022-2023,2180,Montrose County RE-1J,Asian,*,*,*,*,*,*,*,*,*,*,*
2022-2023,2180,Montrose County RE-1J,Black or African American,*,*,*,*,*,*,*,*,*,*,*
2022-2023,2180,Montrose County RE-1J,Hispanic or Latino,16,100,86,50,221,*,*,18,*,568,335
2022-2023,2180,Montrose County RE-1J,Two or More Races,*,*,*,*,*,*,*,*,*,26,18
2022-2023,2180,Montrose County RE-1J,White,28,130,123,45,240,*,*,20,*,596,482
2022-2023,2190,West End RE-2,Hispanic or Latino,*,*,*,*,*,*,*,*,*,*,*
2022-2023,2190,West End RE-2,Two or More Races,*,*,*,*,*,*,*,*,*,*,*
2022-2023,2190,West End RE-2,White,*,19,*,*,*,*,*,*,*,*,26
2022-2023,2395,Brush RE-2(J),Black or African American,*,*,*,*,*,*,*,*,*,*,*
2022-2023,2395,Brush RE-2(J),Hispanic or Latino,*,118,26,*,35,*,*,*,*,*,95
2022-2023,2395,Brush RE-2(J),Two or More Races,*,*,*,*,*,*,*,*,*,*,*
2022-2023,2395,Brush RE-2(J),White,*,65,22,*,35,*,*,*,*,18,69
2022-2023,2405,Fort Morgan Re-3,American Indian or Alaska Native,*,*,*,*,*,*,*,*,*,*,*
2022-2023,2405,Fort Morgan Re-3,Asian,*,*,*,*,*,*,*,*,*,*,*
2022-2023,2405,Fort Morgan Re-3,Black or African American,*,*,*,*,*,*,*,*,*,*,*
2022-2023,2405,Fort Morgan Re-3,Hispanic or Latino,*,220,153,87,115,*,*,*,*,95,435
2022-2023,2405,Fort Morgan Re-3,Two or More Races,*,*,*,*,*,*,*,*,*,*,*
2022-2023,2405,Fort Morgan Re-3,White,*,72,59,31,46,*,*,*,*,40,162
2022-2023,2505,Weldon Valley RE-20(J),Black or African American,*,*,*,*,*,*,*,*,*,*,*
2022-2023,2505,Weldon Valley RE-20(J),Hispanic or Latino,*,*,*,*,*,*,*,*,*,*,*
2022-2023,2505,Weldon Valley RE-20(J),Two or More Races,*,*,*,*,*,*,*,*,*,*,*
2022-2023,2505,Weldon Valley RE-20(J),White,*,*,*,*,*,*,*,*,*,*,*
2022-2023,2515,Wiggins RE-50(J),Hispanic or Latino,*,21,17,*,20,*,*,*,*,*,47
2022-2023,2515,Wiggins RE-50(J),Two or More Races,*,*,*,*,*,*,*,*,*,*,*
2022-2023,2515,Wiggins RE-50(J),White,*,31,*,*,*,*,*,*,*,*,51
2022-2023,2520,East Otero R-1,Hispanic or Latino,*,20,81,104,145,*,*,*,*,30,219
2022-2023,2520,East Otero R-1,Native Hawaiian or Other Pacific Islander,*,*,*,*,*,*,*,*,*,*,*
2022-2023,2520,East Otero R-1,Two or More Races,*,*,*,*,*,*,*,*,*,*,*
2022-2023,2520,East Otero R-1,White,*,*,36,18,49,*,*,*,*,*,67
2022-2023,2530,Rocky Ford R-2,American Indian or Alaska Native,*,*,*,*,*,*,*,*,*,*,*
2022-2023,2530,Rocky Ford R-2,Hispanic or Latino,*,*,24,*,28,*,*,*,*,46,46
2022-2023,2530,Rocky Ford R-2,Two or More Races,*,*,*,*,*,*,*,*,*,*,*
2022-2023,2530,Rocky Ford R-2,White,*,*,*,*,*,*,*,*,*,32,19
2022-2023,2535,Manzanola 3J,Hispanic or Latino,*,*,*,*,*,*,*,*,*,*,*
2022-2023,2535,Manzanola 3J,White,*,*,*,*,*,*,*,*,*,*,*
2022-2023,2540,Fowler R-4J,Hispanic or Latino,*,*,*,*,*,*,*,*,*,*,*
2022-2023,2540,Fowler R-4J,White,*,*,*,*,*,*,*,*,*,*,*
2022-2023,2560,Cheraw 31,Hispanic or Latino,*,*,*,*,*,*,*,*,*,*,*
2022-2023,2560,Cheraw 31,White,*,*,*,*,*,*,*,*,*,*,*
2022-2023,2570,Swink 33,White,*,*,*,*,*,*,*,*,*,*,*
2022-2023,2580,Ouray R-1,White,*,*,*,*,*,*,*,*,*,*,*
2022-2023,2590,Ridgway R-2,White,*,*,*,*,*,*,*,*,*,*,*
2022-2023,2600,Platte Canyon 1,Black or African American,*,*,*,*,*,*,*,*,*,*,*
2022-2023,2600,Platte Canyon 1,Hispanic or Latino,*,*,*,*,*,*,*,*,*,*,24
2022-2023,2600,Platte Canyon 1,Two or More Races,*,*,*,*,*,*,*,*,*,*,*
2022-2023,2600,Platte Canyon 1,White,*,110,46,35,27,*,*,*,*,27,181
2022-2023,2610,Park County RE-2,Two or More Races,*,*,*,*,*,*,*,*,*,*,*
2022-2023,2610,Park County RE-2,White,*,*,*,*,*,*,*,*,*,*,*
2022-2023,2620,Holyoke Re-1J,Black or African American,*,*,*,*,*,*,*,*,*,*,*
2022-2023,2620,Holyoke Re-1J,Hispanic or Latino,*,20,*,*,*,*,*,*,*,78,43
2022-2023,2620,Holyoke Re-1J,Two or More Races,*,*,*,*,*,*,*,*,*,*,*
2022-2023,2620,Holyoke Re-1J,White,*,*,*,*,*,*,*,*,*,80,33
2022-2023,2630,Haxtun RE-2J,Black or African American,*,*,*,*,*,*,*,*,*,*,*
2022-2023,2630,Haxtun RE-2J,White,*,*,*,*,*,*,*,*,*,*,*
2022-2023,2640,Aspen 1,Asian,*,*,*,*,*,*,*,*,*,*,*
2022-2023,2640,Aspen 1,Black or African American,*,*,*,*,*,*,*,*,*,*,*
2022-2023,2640,Aspen 1,Hispanic or Latino,*,*,*,*,*,*,*,*,*,*,*
2022-2023,2640,Aspen 1,Two or More Races,*,*,*,*,*,*,*,*,*,*,*
2022-2023,2640,Aspen 1,White,*,56,16,*,32,*,*,*,*,*,65
2022-2023,2650,Granada RE-1,American Indian or Alaska Native,*,*,*,*,*,*,*,*,*,*,*
2022-2023,2650,Granada RE-1,Asian,*,*,*,*,*,*,*,*,*,*,*
2022-2023,2650,Granada RE-1,Hispanic or Latino,*,*,*,*,*,*,*,*,*,*,24
2022-2023,2650,Granada RE-1,Two or More Races,*,*,*,*,*,*,*,*,*,*,*
2022-2023,2650,Granada RE-1,White,*,*,*,*,*,*,*,*,*,*,*
2022-2023,2660,Lamar Re-2,Hispanic or Latino,*,*,18,*,55,*,*,*,*,*,45
2022-2023,2660,Lamar Re-2,Two or More Races,*,*,*,*,*,*,*,*,*,*,*
2022-2023,2660,Lamar Re-2,White,*,*,*,*,18,*,*,*,*,*,18
2022-2023,2670,Holly RE-3,Hispanic or Latino,*,*,*,*,*,*,*,*,*,*,*
2022-2023,2670,Holly RE-3,White,*,*,*,*,*,*,*,*,*,*,*
2022-2023,2690,Pueblo City 60,American Indian or Alaska Native,*,*,*,21,24,*,*,*,*,*,33
2022-2023,2690,Pueblo City 60,Asian,*,*,*,*,*,*,*,*,*,*,*
2022-2023,2690,Pueblo City 60,Black or African American,*,42,41,49,61,*,*,*,*,*,129
2022-2023,2690,Pueblo City 60,Hispanic or Latino,*,961,1111,1596,1885,16,*,*,*,305,3342
2022-2023,2690,Pueblo City 60,Native Hawaiian or Other Pacific Islander,*,*,*,*,*,*,*,*,*,*,*
2022-2023,2690,Pueblo City 60,Two or More Races,*,57,45,65,78,*,*,*,*,*,154
2022-2023,2690,Pueblo City 60,White,*,235,276,326,426,*,*,*,*,73,799
2022-2023,2700,Pueblo County 70,American Indian or Alaska Native,*,*,*,*,*,*,*,*,*,*,*
2022-2023,2700,Pueblo County 70,Asian,*,*,*,*,*,*,*,*,*,*,*
2022-2023,2700,Pueblo County 70,Black or African American,*,*,16,*,23,*,*,*,*,*,19
2022-2023,2700,Pueblo County 70,Hispanic or Latino,*,198,248,103,517,*,*,*,*,*,426
2022-2023,2700,Pueblo County 70,Two or More Races,*,*,39,18,91,*,*,*,*,*,62
2022-2023,2700,Pueblo County 70,White,*,184,278,99,538,*,*,*,*,*,470
2022-2023,2710,Meeker RE-1,American Indian or Alaska Native,*,*,*,*,*,*,*,*,*,*,*
2022-2023,2710,Meeker RE-1,Hispanic or Latino,*,21,*,*,*,*,*,*,*,*,17
2022-2023,2710,Meeker RE-1,Two or More Races,*,*,*,*,*,*,*,*,*,*,*
2022-2023,2710,Meeker RE-1,White,*,26,*,*,21,*,*,*,*,27,44
2022-2023,2720,Rangely RE-4,Hispanic or Latino,*,*,*,*,*,*,*,*,*,*,*
2022-2023,2720,Rangely RE-4,White,*,29,27,21,89,*,*,*,*,*,54
2022-2023,2730,Upper Rio Grande School District C-7,Hispanic or Latino,*,*,40,20,39,*,*,*,*,28,83
2022-2023,2730,Upper Rio Grande School District C-7,Two or More Races,*,*,*,*,*,*,*,*,*,*,*
2022-2023,2730,Upper Rio Grande School District C-7,White,*,*,*,31,24,*,*,*,*,29,64
2022-2023,2740,Monte Vista C-8,American Indian or Alaska Native,*,*,*,*,*,*,*,*,*,*,*
2022-2023,2740,Monte Vista C-8,Black or African American,*,*,*,*,*,*,*,*,*,*,*
2022-2023,2740,Monte Vista C-8,Hispanic or Latino,*,47,29,35,36,*,*,*,*,*,92
2022-2023,2740,Monte Vista C-8,Two or More Races,*,*,*,*,*,*,*,*,*,*,*
2022-2023,2740,Monte Vista C-8,White,*,*,*,*,*,*,*,*,*,*,*
2022-2023,2750,Sargent RE-33J,Black or African American,*,*,*,*,*,*,*,*,*,*,*
2022-2023,2750,Sargent RE-33J,Hispanic or Latino,*,*,*,*,*,*,*,*,*,*,*
2022-2023,2750,Sargent RE-33J,Two or More Races,*,*,*,*,*,*,*,*,*,*,*
2022-2023,2750,Sargent RE-33J,White,*,*,*,*,16,*,*,*,*,25,35
2022-2023,2760,Hayden RE-1,Black or African American,*,*,*,*,*,*,*,*,*,*,*
2022-2023,2760,Hayden RE-1,Hispanic or Latino,*,*,*,*,*,*,*,*,*,*,*
2022-2023,2760,Hayden RE-1,White,*,*,*,*,*,*,*,*,*,*,*
2022-2023,2770,Steamboat Springs RE-2,American Indian or Alaska Native,*,*,*,*,*,*,*,*,*,*,*
2022-2023,2770,Steamboat Springs RE-2,Black or African American,*,*,*,*,*,*,*,*,*,*,*
2022-2023,2770,Steamboat Springs RE-2,Hispanic or Latino,*,27,28,16,24,*,*,*,*,*,59
2022-2023,2770,Steamboat Springs RE-2,Two or More Races,*,*,*,*,*,*,*,*,*,*,*
2022-2023,2770,Steamboat Springs RE-2,White,*,32,35,*,29,*,*,*,*,*,75
2022-2023,2780,South Routt RE 3,White,*,*,*,*,*,*,*,*,*,*,*
2022-2023,2790,Mountain Valley RE 1,American Indian or Alaska Native,*,*,*,*,*,*,*,*,*,*,*
2022-2023,2790,Mountain Valley RE 1,Hispanic or Latino,*,*,*,*,*,*,*,*,*,*,*
2022-2023,2790,Mountain Valley RE 1,Two or More Races,*,*,*,*,*,*,*,*,*,*,*
2022-2023,2790,Mountain Valley RE 1,White,*,*,*,*,*,*,*,*,*,*,23
2022-2023,2800,Moffat 2,American Indian or Alaska Native,*,*,*,*,*,*,*,*,*,*,*
2022-2023,2800,Moffat 2,Hispanic or Latino,*,*,*,*,*,*,*,*,*,*,*
2022-2023,2800,Moffat 2,Two or More Races,*,*,*,*,*,*,*,*,*,*,*
2022-2023,2800,Moffat 2,White,*,*,*,*,*,*,*,*,*,17,16
2022-2023,2810,Center 26 JT,Hispanic or Latino,*,84,*,*,*,*,*,*,*,25,75
2022-2023,2810,Center 26 JT,White,*,*,*,*,*,*,*,*,*,*,*
2022-2023,2820,Silverton 1,Hispanic or Latino,*,*,*,*,*,*,*,*,*,*,*
2022-2023,2820,Silverton 1,White,*,*,*,*,*,*,*,*,*,*,*
2022-2023,2830,Telluride R-1,Black or African American,*,*,*,*,*,*,*,*,*,*,*
2022-2023,2830,Telluride R-1,Hispanic or Latino,*,*,*,*,*,*,*,*,*,*,*
2022-2023,2830,Telluride R-1,White,*,18,21,*,44,*,*,*,*,47,107
2022-2023,2840,Norwood R-2J,American Indian or Alaska Native,*,*,*,*,*,*,*,*,*,*,*
2022-2023,2840,Norwood R-2J,Hispanic or Latino,*,*,*,*,*,*,*,*,*,*,*
2022-2023,2840,Norwood R-2J,White,*,*,*,*,*,*,*,*,*,*,*
2022-2023,2862,Julesburg Re-1,Black or African American,*,*,*,*,*,*,*,*,*,*,*
2022-2023,2862,Julesburg Re-1,Hispanic or Latino,*,*,*,*,*,*,*,*,*,*,*
2022-2023,2862,Julesburg Re-1,White,*,19,*,*,*,*,*,*,*,*,16
2022-2023,2865,Revere School District,Hispanic or Latino,*,*,*,*,*,*,*,*,*,*,*
2022-2023,2865,Revere School District,White,*,*,*,*,*,*,*,*,*,*,*
2022-2023,3000,Summit RE-1,Asian,*,*,*,*,*,*,*,*,*,*,*
2022-2023,3000,Summit RE-1,Black or African American,*,21,*,*,*,*,*,*,*,*,*
2022-2023,3000,Summit RE-1,Hispanic or Latino,*,96,54,16,98,*,*,*,*,*,139
2022-2023,3000,Summit RE-1,Two or More Races,*,*,*,*,*,*,*,*,*,*,*
2022-2023,3000,Summit RE-1,White,*,50,40,*,55,*,*,*,*,*,76
2022-2023,3010,Cripple Creek-Victor RE-1,American Indian or Alaska Native,*,*,*,*,*,*,*,*,*,*,*
2022-2023,3010,Cripple Creek-Victor RE-1,Black or African American,*,*,*,*,*,*,*,*,*,*,*
2022-2023,3010,Cripple Creek-Victor RE-1,Hispanic or Latino,*,*,*,*,*,*,*,*,*,*,*
2022-2023,3010,Cripple Creek-Victor RE-1,Two or More Races,*,*,*,*,*,*,*,*,*,*,*
2022-2023,3010,Cripple Creek-Victor RE-1,White,*,*,47,46,46,*,*,*,*,135,212
2022-2023,3020,Woodland Park Re-2,Black or African American,*,*,*,*,*,*,*,*,*,*,*
2022-2023,3020,Woodland Park Re-2,Hispanic or Latino,*,*,*,*,21,*,*,*,*,*,27
2022-2023,3020,Woodland Park Re-2,Two or More Races,*,*,*,*,*,*,*,*,*,*,*
2022-2023,3020,Woodland Park Re-2,White,*,24,56,47,81,*,*,*,*,*,125
2022-2023,3030,Akron R-1,American Indian or Alaska Native,*,*,*,*,*,*,*,*,*,*,*
2022-2023,3030,Akron R-1,Hispanic or Latino,*,*,*,*,*,*,*,*,*,*,*
2022-2023,3030,Akron R-1,White,*,18,*,*,*,*,*,*,*,*,*
2022-2023,3050,Otis R-3,Black or African American,*,*,*,*,*,*,*,*,*,*,*
2022-2023,3050,Otis R-3,Hispanic or Latino,*,*,*,*,*,*,*,*,*,*,*
2022-2023,3050,Otis R-3,White,*,24,*,*,*,*,*,*,*,*,38
2022-2023,3060,Lone Star 101,Hispanic or Latino,*,*,*,*,*,*,*,*,*,*,*
2022-2023,3060,Lone Star 101,White,*,*,*,*,*,*,*,*,*,*,*
2022-2023,3080,Weld County RE-1,American Indian or Alaska Native,*,*,*,*,*,*,*,*,*,*,*
2022-2023,3080,Weld County RE-1,Hispanic or Latino,*,60,71,27,139,*,*,*,*,42,146
2022-2023,3080,Weld County RE-1,Two or More Races,*,*,*,*,*,*,*,*,*,*,*
2022-2023,3080,Weld County RE-1,White,*,35,46,18,92,*,*,*,*,33,110
2022-2023,3085,Eaton RE-2,American Indian or Alaska Native,*,*,*,*,*,*,*,*,*,*,*
2022-2023,3085,Eaton RE-2,Asian,*,*,*,*,*,*,*,*,*,*,*
2022-2023,3085,Eaton RE-2,Black or African American,*,*,*,*,*,*,*,*,*,*,*
2022-2023,3085,Eaton RE-2,Hispanic or Latino,*,28,25,*,42,*,*,*,*,*,49
2022-2023,3085,Eaton RE-2,Two or More Races,*,*,*,*,*,*,*,*,*,*,*
2022-2023,3085,Eaton RE-2,White,*,78,35,*,58,*,*,*,*,*,101
2022-2023,3090,Weld County School District RE-3J,American Indian or Alaska Native,*,*,*,*,*,*,*,*,*,*,*
2022-2023,3090,Weld County School District RE-3J,Asian,*,*,*,*,*,*,*,*,*,*,*
2022-2023,3090,Weld County School District RE-3J,Black or African American,*,*,*,*,*,*,*,*,*,*,*
2022-2023,3090,Weld County School District RE-3J,Hispanic or Latino,*,*,78,136,196,*,*,*,*,*,224
2022-2023,3090,Weld County School District RE-3J,Two or More Races,*,*,*,*,*,*,*,*,*,*,*
2022-2023,3090,Weld County School District RE-3J,White,*,*,75,115,169,*,*,*,*,*,197
2022-2023,3100,Weld RE-4,American Indian or Alaska Native,*,*,*,*,*,*,*,*,*,*,*
2022-2023,3100,Weld RE-4,Black or African American,*,*,*,*,19,*,*,*,*,*,19
2022-2023,3100,Weld RE-4,Hispanic or Latino,*,65,56,17,98,*,*,21,*,30,133
2022-2023,3100,Weld RE-4,Two or More Races,*,*,*,*,23,*,*,*,*,*,24
2022-2023,3100,Weld RE-4,White,*,198,161,50,302,*,*,22,*,80,409
2022-2023,3110,Johnstown-Milliken RE-5J,American Indian or Alaska Native,*,*,*,*,*,*,*,*,*,*,*
2022-2023,3110,Johnstown-Milliken RE-5J,Asian,*,*,*,*,*,*,*,*,*,*,*
2022-2023,3110,Johnstown-Milliken RE-5J,Hispanic or Latino,*,97,74,83,107,*,*,*,*,27,235
2022-2023,3110,Johnstown-Milliken RE-5J,Native Hawaiian or Other Pacific Islander,*,*,*,*,*,*,*,*,*,*,*
2022-2023,3110,Johnstown-Milliken RE-5J,Two or More Races,*,*,*,*,*,*,*,*,*,*,21
2022-2023,3110,Johnstown-Milliken RE-5J,White,*,130,100,101,138,*,*,*,*,71,354
2022-2023,3120,Greeley 6,American Indian or Alaska Native,*,*,*,*,48,*,*,*,*,*,22
2022-2023,3120,Greeley 6,Asian,*,23,20,17,71,*,*,*,*,*,50
2022-2023,3120,Greeley 6,Black or African American,*,32,30,20,99,*,*,*,*,*,71
2022-2023,3120,Greeley 6,Hispanic or Latino,*,1041,995,649,3142,*,*,*,*,260,2151
2022-2023,3120,Greeley 6,Native Hawaiian or Other Pacific Islander,*,*,*,*,33,*,*,*,*,*,23
2022-2023,3120,Greeley 6,Two or More Races,*,56,49,27,143,*,*,*,*,19,106
2022-2023,3120,Greeley 6,White,*,504,303,232,1083,*,*,*,*,80,788
2022-2023,3130,Platte Valley RE-7,Hispanic or Latino,*,41,22,*,22,*,*,*,*,*,64
2022-2023,3130,Platte Valley RE-7,White,*,37,18,*,26,*,*,*,*,*,65
2022-2023,3140,Weld Re-8 Schools,American Indian or Alaska Native,*,*,*,*,*,*,*,*,*,*,*
2022-2023,3140,Weld Re-8 Schools,Asian,*,*,*,*,*,*,*,*,*,*,*
2022-2023,3140,Weld Re-8 Schools,Black or African American,*,*,*,*,*,*,*,*,*,*,*
2022-2023,3140,Weld Re-8 Schools,Hispanic or Latino,*,149,140,124,195,*,*,*,*,*,353
2022-2023,3140,Weld Re-8 Schools,Native Hawaiian or Other Pacific Islander,*,*,*,*,*,*,*,*,*,*,*
2022-2023,3140,Weld Re-8 Schools,Two or More Races,*,*,*,*,*,*,*,*,*,*,*
2022-2023,3140,Weld Re-8 Schools,White,*,46,33,72,81,*,*,*,*,*,134
2022-2023,3145,Ault-Highland RE-9,Hispanic or Latino,*,*,*,*,*,*,*,*,*,*,20
2022-2023,3145,Ault-Highland RE-9,White,*,*,*,*,21,*,*,*,*,*,28
2022-2023,3146,Briggsdale RE-10,Hispanic or Latino,*,*,*,*,*,*,*,*,*,*,*
2022-2023,3146,Briggsdale RE-10,White,*,*,*,*,*,*,*,*,*,*,*
2022-2023,3147,Prairie RE-11,White,*,*,*,*,*,*,*,*,*,*,*
2022-2023,3200,Yuma 1,Black or African American,*,*,*,*,*,*,*,*,*,*,*
2022-2023,3200,Yuma 1,Hispanic or Latino,*,18,*,*,*,*,*,*,*,*,26
2022-2023,3200,Yuma 1,White,*,17,*,*,21,*,*,*,*,*,28
2022-2023,3210,Wray RD-2,Hispanic or Latino,*,*,*,*,*,*,*,*,*,*,17
2022-2023,3210,Wray RD-2,White,*,22,*,*,*,*,*,*,*,*,31
2022-2023,3220,Idalia RJ-3,Hispanic or Latino,*,*,*,*,*,*,*,*,*,*,*
2022-2023,3220,Idalia RJ-3,White,*,*,*,*,*,*,*,*,*,*,*
2022-2023,8001,Charter School Institute,American Indian or Alaska Native,*,*,*,*,*,*,*,*,*,*,*
2022-2023,8001,Charter School Institute,Asian,*,*,*,*,*,*,*,*,*,*,17
2022-2023,8001,Charter School Institute,Black or African American,*,16,40,22,71,*,*,*,*,*,76
2022-2023,8001,Charter School Institute,Hispanic or Latino,20,233,411,185,811,*,*,*,*,117,774
2022-2023,8001,Charter School Institute,Native Hawaiian or Other Pacific Islander,*,*,*,*,*,*,*,*,*,*,17
2022-2023,8001,Charter School Institute,Two or More Races,*,35,39,16,76,*,*,*,*,*,84
2022-2023,8001,Charter School Institute,White,*,131,250,103,494,*,*,*,*,112,519
2022-2023,9000,Colorado School for the Deaf and Blind,Hispanic or Latino,*,*,*,*,*,*,*,*,*,*,*
2022-2023,9000,Colorado School for the Deaf and Blind,White,*,*,*,*,17,*,*,*,*,*,26
2022-2023,9035,Centennial BOCES,Hispanic or Latino,*,*,*,*,*,*,*,*,*,*,*
2022-2023,9035,Centennial BOCES,White,*,*,*,*,*,*,*,*,*,*,*
2022-2023,9130,Expeditionary BOCES,Two or More Races,*,*,*,*,*,*,*,*,*,*,*
2022-2023,9130,Expeditionary BOCES,White,*,*,*,*,*,*,*,*,*,*,*
2022-2023,9170,Education reEnvisioned BOCES,Hispanic or Latino,*,*,*,*,*,*,*,*,*,*,*
2022-2023,9170,Education reEnvisioned BOCES,Two or More Races,*,*,*,*,*,*,*,*,*,*,*
2022-2023,9175,Colorado River BOCES,White,*,*,*,*,*,*,*,*,*,*,*
2022-2023 STATE TOTAL,,,American Indian or Alaska Native,18,301,328,345,786,16,3,31,2,169,903
2022-2023 STATE TOTAL,,,Asian,18,386,504,261,841,7,8,41,1,210,1130
2022-2023 STATE TOTAL,,,Black or African American,271,3016,3030,3560,7064,82,34,290,18,1801,8531
2022-2023 STATE TOTAL,,,Hispanic or Latino,1091,16946,16615,13939,34699,317,154,1713,45,10297,43309
2022-2023 STATE TOTAL,,,Native Hawaiian or Other Pacific Islander,8,112,122,122,247,0,4,10,0,66,348
2022-2023 STATE TOTAL,,,Two or More Races,192,1726,2036,1704,4159,35,24,174,3,1145,5181
2022-2023 STATE TOTAL,,,White,1673,14380,13957,10475,26026,190,171,1295,29,7783,36816
,,,,,,,,,,,,,,
2022-2023 Total,,,,3271,36867,36592,30406,73822,647,398,3554,98,21471,96218
